snp_id,sampling_id,extraction_label,sequencing_id,country,location,microlocation,nuc_number,role,biotype,Notes
B0003350,SI-A1-041,E21/10-04,MS1_2110_04,Slovenia,Krma,1,70,mating_nuc,queen,
B0000003351,SI-A1-041,E21/10-05,MS1_2110_05,Slovenia,Krma,1,70,mating_nuc,worker,
B0003352,SI-A1-041,E21/10-06,MS1_2110_06,Slovenia,Krma,1,70,mating_nuc,worker,
B0003353,SI-A1-041,E21/10-07,MS1_2110_07,Slovenia,Krma,1,70,mating_nuc,worker,
B0003354,SI-A1-041,E21/10-08,MS1_2110_08,Slovenia,Krma,1,70,mating_nuc,worker,
B0003355,SI-A1-041,E21/10-09,MS1_2110_09,Slovenia,Krma,1,70,mating_nuc,worker,
B0003356,SI-A1-041,E21/10-10,MS1_2110_10,Slovenia,Krma,1,70,mating_nuc,worker,
B0003357,SI-A1-041,E21/10-11,MS1_2110_11,Slovenia,Krma,1,70,mating_nuc,worker,
B0003366,SI-A1-041,E21/10-12,MS1_2110_12,Slovenia,Krma,1,70,mating_nuc,worker,
B0003367,SI-A1-041,E21/10-13,MS1_2110_13,Slovenia,Krma,1,70,mating_nuc,worker,
B0003368,SI-A1-041,E21/10-14,MS1_2110_14,Slovenia,Krma,1,70,mating_nuc,worker,
B0003369,SI-A1-041,E21/10-15,MS1_2110_15,Slovenia,Krma,1,70,mating_nuc,worker,
B0003370,SI-A1-041,E21/10-16,MS1_2110_16,Slovenia,Krma,1,70,mating_nuc,worker,
B0003371,SI-A1-041,E21/10-17,MS1_2110_17,Slovenia,Krma,1,70,mating_nuc,worker,
B0003372,SI-A1-041,E21/10-18,MS1_2110_18,Slovenia,Krma,1,70,mating_nuc,worker,
B0003373,SI-A1-041,E21/10-19,MS1_2110_19,Slovenia,Krma,1,70,mating_nuc,worker,
B0003374,SI-A1-041,E21/10-20,MS1_2110_20,Slovenia,Krma,1,70,mating_nuc,worker,
B0003375,SI-A1-041,E21/10-21,MS1_2110_21,Slovenia,Krma,1,70,mating_nuc,worker,
B0003376,SI-A1-041,E21/10-22,MS1_2110_22,Slovenia,Krma,1,70,mating_nuc,worker,
B0003377,SI-A1-041,E21/10-23,MS1_2110_23,Slovenia,Krma,1,70,mating_nuc,worker,
B0003378,SI-A1-041,E21/10-24,MS1_2110_24,Slovenia,Krma,1,70,mating_nuc,worker,
B0003379,SI-A1-041,E21/10-25,MS1_2110_25,Slovenia,Krma,1,70,mating_nuc,worker,
B0003380,SI-A1-041,E21/10-26,MS1_2110_26,Slovenia,Krma,1,70,mating_nuc,worker,
B0003381,SI-A1-041,E21/10-27,MS1_2110_27,Slovenia,Krma,1,70,mating_nuc,worker,
B0003382,SI-A1-041,E21/10-28,MS1_2110_28,Slovenia,Krma,1,70,mating_nuc,worker,
B0003383,SI-A1-041,E21/10-29,MS1_2110_29,Slovenia,Krma,1,70,mating_nuc,worker,
B0003384,SI-A1-041,E21/10-30,MS1_2110_30,Slovenia,Krma,1,70,mating_nuc,worker,
B0003385,SI-A1-041,E21/10-31,MS1_2110_31,Slovenia,Krma,1,70,mating_nuc,worker,
B0003386,SI-A1-041,E21/10-32,MS1_2110_32,Slovenia,Krma,1,70,mating_nuc,worker,
B0003387,SI-A1-041,E21/10-33,MS1_2110_33,Slovenia,Krma,1,70,mating_nuc,worker,
B0003388,SI-A1-041,E21/10-34,MS1_2110_34,Slovenia,Krma,1,70,mating_nuc,worker,
B0003389,SI-A1-044,E21/10-35,MS1_2110_35,Slovenia,Krma,0,45,mating_nuc,queen,
B0003390,SI-A1-044,E21/10-36,MS1_2110_36,Slovenia,Krma,0,45,mating_nuc,worker,
B0003391,SI-A1-044,E21/10-37,MS1_2110_37,Slovenia,Krma,0,45,mating_nuc,worker,
B0003392,SI-A1-044,E21/10-38,MS1_2110_38,Slovenia,Krma,0,45,mating_nuc,worker,
B0003393,SI-A1-044,E21/10-39,MS1_2110_39,Slovenia,Krma,0,45,mating_nuc,worker,
B0003394,SI-A1-044,E21/10-40,MS1_2110_40,Slovenia,Krma,0,45,mating_nuc,worker,
B0003395,SI-A1-044,E21/10-41,MS1_2110_41,Slovenia,Krma,0,45,mating_nuc,worker,
B0003396,SI-A1-044,E21/10-42,MS1_2110_42,Slovenia,Krma,0,45,mating_nuc,worker,
B0003397,SI-A1-044,E21/10-43,MS1_2110_43,Slovenia,Krma,0,45,mating_nuc,worker,
B0003414,SI-A1-044,E21/10-44,MS1_2110_44,Slovenia,Krma,0,45,mating_nuc,worker,
B0003415,SI-A1-044,E21/10-45,MS1_2110_45,Slovenia,Krma,0,45,mating_nuc,worker,
B0003416,SI-A1-044,E21/10-46,MS1_2110_46,Slovenia,Krma,0,45,mating_nuc,worker,
B0003417,SI-A1-044,E21/10-47,MS1_2110_47,Slovenia,Krma,0,45,mating_nuc,worker,
B0003418,SI-A1-044,E21/10-48,MS1_2110_48,Slovenia,Krma,0,45,mating_nuc,worker,
B0003419,SI-A1-044,E21/10-49,MS1_2110_49,Slovenia,Krma,0,45,mating_nuc,worker,
B0003420,SI-A1-044,E21/10-50,MS1_2110_50,Slovenia,Krma,0,45,mating_nuc,worker,
B0003421,SI-A1-044,E21/10-51,MS1_2110_51,Slovenia,Krma,0,45,mating_nuc,worker,
B0003422,SI-A1-044,E21/10-52,MS1_2110_52,Slovenia,Krma,0,45,mating_nuc,worker,
B0003423,SI-A1-044,E21/10-53,MS1_2110_53,Slovenia,Krma,0,45,mating_nuc,worker,
B0003424,SI-A1-044,E21/10-54,MS1_2110_54,Slovenia,Krma,0,45,mating_nuc,worker,
B0003425,SI-A1-044,E21/10-55,MS1_2110_55,Slovenia,Krma,0,45,mating_nuc,worker,
B0003426,SI-A1-044,E21/10-56,MS1_2110_56,Slovenia,Krma,0,45,mating_nuc,worker,
B0003427,SI-A1-044,E21/10-57,MS1_2110_57,Slovenia,Krma,0,45,mating_nuc,worker,
B0003428,SI-A1-044,E21/10-58,MS1_2110_58,Slovenia,Krma,0,45,mating_nuc,worker,
B0003429,SI-A1-044,E21/10-59,MS1_2110_59,Slovenia,Krma,0,45,mating_nuc,worker,
B0003430,SI-A1-044,E21/10-60,MS1_2110_60,Slovenia,Krma,0,45,mating_nuc,worker,
B0003431,SI-A1-044,E21/10-61,MS1_2110_61,Slovenia,Krma,0,45,mating_nuc,worker,
B0003432,SI-A1-044,E21/10-62,MS1_2110_62,Slovenia,Krma,0,45,mating_nuc,worker,
B0003433,SI-A1-044,E21/10-63,MS1_2110_63,Slovenia,Krma,0,45,mating_nuc,worker,
B0003434,SI-A1-044,E21/10-64,MS1_2110_64,Slovenia,Krma,0,45,mating_nuc,worker,
B0003435,SI-A1-044,E21/10-65,MS1_2110_65,Slovenia,Krma,0,45,mating_nuc,worker,
B0003436,SI-A1-052,E21/7-14,MS1_217_14,Slovenia,Krma,-1,54,mating_nuc,queen,
B0003437,SI-A1-052,E21/7-15,MS1_217_15,Slovenia,Krma,-1,54,mating_nuc,worker,
B0003438,SI-A1-052,E21/7-16,MS1_217_16,Slovenia,Krma,-1,54,mating_nuc,worker,
B0003439,SI-A1-052,E21/7-17,MS1_217_17,Slovenia,Krma,-1,54,mating_nuc,worker,
B0003440,SI-A1-052,E21/7-18,MS1_217_18,Slovenia,Krma,-1,54,mating_nuc,worker,
B0003441,SI-A1-052,E21/7-19,MS1_217_19,Slovenia,Krma,-1,54,mating_nuc,worker,
B0003442,SI-A1-052,E21/7-20,MS1_217_20,Slovenia,Krma,-1,54,mating_nuc,worker,
B0003443,SI-A1-052,E21/7-21,MS1_217_21,Slovenia,Krma,-1,54,mating_nuc,worker,
B0003444,SI-A1-052,E21/7-22,MS1_217_22,Slovenia,Krma,-1,54,mating_nuc,worker,
B0003445,SI-A1-052,E21/7-23,MS1_217_23,Slovenia,Krma,-1,54,mating_nuc,worker,
B0003446,SI-A1-052,E21/7-24,MS1_217_24,Slovenia,Krma,-1,54,mating_nuc,worker,
B0003447,SI-A1-052,E21/7-25,MS1_217_25,Slovenia,Krma,-1,54,mating_nuc,worker,
B0003448,SI-A1-052,E21/7-26,MS1_217_26,Slovenia,Krma,-1,54,mating_nuc,worker,
B0003449,SI-A1-052,E21/7-27,MS1_217_27,Slovenia,Krma,-1,54,mating_nuc,worker,
B0003450,SI-A1-052,E21/7-28,MS1_217_28,Slovenia,Krma,-1,54,mating_nuc,worker,
B0003451,SI-A1-052,E21/7-29,MS1_217_29,Slovenia,Krma,-1,54,mating_nuc,worker,
B0003452,SI-A1-052,E21/7-30,MS1_217_30,Slovenia,Krma,-1,54,mating_nuc,worker,
B0003453,SI-A1-052,E21/7-31,MS1_217_31,Slovenia,Krma,-1,54,mating_nuc,worker,
B0003454,SI-A1-052,E21/7-32,MS1_217_32,Slovenia,Krma,-1,54,mating_nuc,worker,
B0003455,SI-A1-052,E21/7-33,MS1_217_33,Slovenia,Krma,-1,54,mating_nuc,worker,
B0003456,SI-A1-052,E21/7-34,MS1_217_34,Slovenia,Krma,-1,54,mating_nuc,worker,
B0003457,SI-A1-052,E21/7-35,MS1_217_35,Slovenia,Krma,-1,54,mating_nuc,worker,
B0003458,SI-A1-052,E21/7-36,MS1_217_36,Slovenia,Krma,-1,54,mating_nuc,worker,
B0003459,SI-A1-052,E21/7-37,MS1_217_37,Slovenia,Krma,-1,54,mating_nuc,worker,
B0003460,SI-A1-052,E21/7-38,MS1_217_38,Slovenia,Krma,-1,54,mating_nuc,worker,
B0003461,SI-A1-052,E21/7-39,MS1_217_39,Slovenia,Krma,-1,54,mating_nuc,worker,
B0003462,SI-A1-052,E21/7-40,MS1_217_40,Slovenia,Krma,-1,54,mating_nuc,worker,
B0003463,SI-A1-052,E21/7-41,MS1_217_41,Slovenia,Krma,-1,54,mating_nuc,worker,
B0003464,SI-A1-052,E21/7-42,MS1_217_42,Slovenia,Krma,-1,54,mating_nuc,worker,
B0003465,SI-A1-052,E21/7-43,MS1_217_43,Slovenia,Krma,-1,54,mating_nuc,worker,
B0003466,SI-A1-052,E21/7-44,MS1_217_44,Slovenia,Krma,-1,54,mating_nuc,worker,
B0003467,SI-A1-055,E21/8-29,MS1_218_29,Slovenia,Krma,-2,47,mating_nuc,queen,
B0003468,SI-A1-055,E21/8-30,MS1_218_30,Slovenia,Krma,-2,47,mating_nuc,worker,
B0003469,SI-A1-055,E21/8-31,MS1_218_31,Slovenia,Krma,-2,47,mating_nuc,worker,
B0003470,SI-A1-055,E21/8-32,MS1_218_32,Slovenia,Krma,-2,47,mating_nuc,worker,
B0003471,SI-A1-055,E21/8-33,MS1_218_33,Slovenia,Krma,-2,47,mating_nuc,worker,
B0003472,SI-A1-055,E21/8-34,MS1_218_34,Slovenia,Krma,-2,47,mating_nuc,worker,
B0003473,SI-A1-055,E21/8-35,MS1_218_35,Slovenia,Krma,-2,47,mating_nuc,worker,
B0003474,SI-A1-055,E21/8-36,MS1_218_36,Slovenia,Krma,-2,47,mating_nuc,worker,
B0003475,SI-A1-055,E21/8-37,MS1_218_37,Slovenia,Krma,-2,47,mating_nuc,worker,
B0003476,SI-A1-055,E21/8-38,MS1_218_38,Slovenia,Krma,-2,47,mating_nuc,worker,
B0003477,SI-A1-055,E21/8-39,MS1_218_39,Slovenia,Krma,-2,47,mating_nuc,worker,
B0003478,SI-A1-055,E21/8-40,MS1_218_40,Slovenia,Krma,-2,47,mating_nuc,worker,
B0003479,SI-A1-055,E21/8-41,MS1_218_41,Slovenia,Krma,-2,47,mating_nuc,worker,
B0003480,SI-A1-055,E21/8-42,MS1_218_42,Slovenia,Krma,-2,47,mating_nuc,worker,
B0003481,SI-A1-055,E21/8-43,MS1_218_43,Slovenia,Krma,-2,47,mating_nuc,worker,
B0003482,SI-A1-055,E21/8-44,MS1_218_44,Slovenia,Krma,-2,47,mating_nuc,worker,
B0003483,SI-A1-055,E21/8-45,MS1_218_45,Slovenia,Krma,-2,47,mating_nuc,worker,
B0003484,SI-A1-055,E21/8-46,MS1_218_46,Slovenia,Krma,-2,47,mating_nuc,worker,
B0003485,SI-A1-055,E21/8-47,MS1_218_47,Slovenia,Krma,-2,47,mating_nuc,worker,
B0003494,SI-A1-055,E21/9-01,MS1_219_01,Slovenia,Krma,-2,47,mating_nuc,worker,
B0003495,SI-A1-055,E21/9-02,MS1_219_02,Slovenia,Krma,-2,47,mating_nuc,worker,
B0003496,SI-A1-055,E21/9-03,MS1_219_03,Slovenia,Krma,-2,47,mating_nuc,worker,
B0003497,SI-A1-055,E21/9-04,MS1_219_04,Slovenia,Krma,-2,47,mating_nuc,worker,
B0003498,SI-A1-055,E21/9-05,MS1_219_05,Slovenia,Krma,-2,47,mating_nuc,worker,
B0003499,SI-A1-055,E21/9-06,MS1_219_06,Slovenia,Krma,-2,47,mating_nuc,worker,
B0003500,SI-A1-055,E21/9-07,MS1_219_07,Slovenia,Krma,-2,47,mating_nuc,worker,
B0003501,SI-A1-055,E21/9-08,MS1_219_08,Slovenia,Krma,-2,47,mating_nuc,worker,
B0003502,SI-A1-055,E21/9-09,MS1_219_09,Slovenia,Krma,-2,47,mating_nuc,worker,
B0003503,SI-A1-055,E21/9-10,MS1_219_10,Slovenia,Krma,-2,47,mating_nuc,worker,
B0003504,SI-A1-055,E21/9-11,MS1_219_11,Slovenia,Krma,-2,47,mating_nuc,worker,
B0003505,SI-A1-055,E21/9-12,MS1_219_12,Slovenia,Krma,-2,47,mating_nuc,worker,
B0003506,SI-A1-057,E21/10-01,MS1_2110_01,Slovenia,Krma,-3,85,mating_nuc,worker,
B0003507,SI-A1-057,E21/10-02,MS1_2110_02,Slovenia,Krma,-3,85,mating_nuc,worker,
B0003508,SI-A1-057,E21/10-03,MS1_2110_03,Slovenia,Krma,-3,85,mating_nuc,worker,
B0003509,SI-A1-046,E21/10-66,MS1_2110_66,Slovenia,Krma,-3,101,mating_nuc,queen,
B0003510,SI-A1-046,E21/10-67,MS1_2110_67,Slovenia,Krma,-3,101,mating_nuc,worker,
B0003511,SI-A1-046,E21/10-68,MS1_2110_68,Slovenia,Krma,-3,101,mating_nuc,worker,
B0003512,SI-A1-046,E21/10-69,MS1_2110_69,Slovenia,Krma,-3,101,mating_nuc,worker,
B0003513,SI-A1-046,E21/10-70,MS1_2110_70,Slovenia,Krma,-3,101,mating_nuc,worker,
B0003514,SI-A1-046,E21/10-71,MS1_2110_71,Slovenia,Krma,-3,101,mating_nuc,worker,
B0003515,SI-A1-046,E21/10-72,MS1_2110_72,Slovenia,Krma,-3,101,mating_nuc,worker,
B0003516,SI-A1-046,E21/10-73,MS1_2110_73,Slovenia,Krma,-3,101,mating_nuc,worker,
B0003517,SI-A1-046,E21/10-74,MS1_2110_74,Slovenia,Krma,-3,101,mating_nuc,worker,
B0003518,SI-A1-046,E21/10-75,MS1_2110_75,Slovenia,Krma,-3,101,mating_nuc,worker,
B0003519,SI-A1-046,E21/10-76,MS1_2110_76,Slovenia,Krma,-3,101,mating_nuc,worker,
B0003520,SI-A1-046,E21/10-77,MS1_2110_77,Slovenia,Krma,-3,101,mating_nuc,worker,
B0003521,SI-A1-046,E21/10-78,MS1_2110_78,Slovenia,Krma,-3,101,mating_nuc,worker,
B0003522,SI-A1-046,E21/10-79,MS1_2110_79,Slovenia,Krma,-3,101,mating_nuc,worker,
B0003523,SI-A1-046,E21/10-80,MS1_2110_80,Slovenia,Krma,-3,101,mating_nuc,worker,
B0003524,SI-A1-046,E21/10-81,MS1_2110_81,Slovenia,Krma,-3,101,mating_nuc,worker,
B0003525,SI-A1-046,E21/10-82,MS1_2110_82,Slovenia,Krma,-3,101,mating_nuc,worker,
B0003526,SI-A1-046,E21/10-83,MS1_2110_83,Slovenia,Krma,-3,101,mating_nuc,worker,
B0003527,SI-A1-046,E21/10-84,MS1_2110_84,Slovenia,Krma,-3,101,mating_nuc,worker,
B0003528,SI-A1-046,E21/10-85,MS1_2110_85,Slovenia,Krma,-3,101,mating_nuc,worker,
B0003529,SI-A1-046,E21/10-86,MS1_2110_86,Slovenia,Krma,-3,101,mating_nuc,worker,
B0003530,SI-A1-046,E21/10-87,MS1_2110_87,Slovenia,Krma,-3,101,mating_nuc,worker,
B0003531,SI-A1-046,E21/10-88,MS1_2110_88,Slovenia,Krma,-3,101,mating_nuc,worker,
B0003532,SI-A1-046,E21/10-89,MS1_2110_89,Slovenia,Krma,-3,101,mating_nuc,worker,
B0003533,SI-A1-046,E21/10-90,MS1_2110_90,Slovenia,Krma,-3,101,mating_nuc,worker,
B0003542,SI-A1-046,E21/10-91,MS1_2110_91,Slovenia,Krma,-3,101,mating_nuc,worker,
B0003543,SI-A1-046,E21/10-92,MS1_2110_92,Slovenia,Krma,-3,101,mating_nuc,worker,
B0003544,SI-A1-046,E21/10-93,MS1_2110_93,Slovenia,Krma,-3,101,mating_nuc,worker,
B0003545,SI-A1-046,E21/10-94,MS1_2110_94,Slovenia,Krma,-3,101,mating_nuc,worker,
B0003546,SI-A1-046,E21/10-95,MS1_2110_95,Slovenia,Krma,-3,101,mating_nuc,worker,
B0003547,SI-A1-046,E21/11-01,MS1_2111_01,Slovenia,Krma,-3,101,mating_nuc,worker,
B0003548,SI-A1-001,E22/1-01,MS1_221_01,Slovenia,Krma,0,,dpc,dpc,
B0003549,SI-A1-002,E22/1-02,MS1_221_02,Slovenia,Krma,0,,dpc,dpc,
B0003550,SI-A1-003,E22/1-03,MS1_221_03,Slovenia,Krma,0,,dpc,dpc,
B0003551,SI-A1-004,E22/1-04,MS1_221_04,Slovenia,Krma,0,,dpc,dpc,
B0003552,SI-A1-005,E22/1-05,MS1_221_05,Slovenia,Krma,0,,dpc,dpc,
B0003553,SI-A1-049,E21/6-78,MS1_216_78,Slovenia,Krma,0,124,mating_nuc,queen,
B0003554,SI-A1-049,E21/6-79,MS1_216_79,Slovenia,Krma,0,124,mating_nuc,worker,
B0003555,SI-A1-049,E21/6-80,MS1_216_80,Slovenia,Krma,0,124,mating_nuc,worker,
B0003556,SI-A1-049,E21/6-81,MS1_216_81,Slovenia,Krma,0,124,mating_nuc,worker,
B0003557,SI-A1-049,E21/6-82,MS1_216_82,Slovenia,Krma,0,124,mating_nuc,worker,
B0003558,SI-A1-049,E21/6-83,MS1_216_83,Slovenia,Krma,0,124,mating_nuc,worker,
B0003559,SI-A1-049,E21/6-84,MS1_216_84,Slovenia,Krma,0,124,mating_nuc,worker,
B0003560,SI-A1-049,E21/6-85,MS1_216_85,Slovenia,Krma,0,124,mating_nuc,worker,
B0003561,SI-A1-049,E21/6-86,MS1_216_86,Slovenia,Krma,0,124,mating_nuc,worker,
B0003562,SI-A1-049,E21/6-87,MS1_216_87,Slovenia,Krma,0,124,mating_nuc,worker,
B0003563,SI-A1-049,E21/6-88,MS1_216_88,Slovenia,Krma,0,124,mating_nuc,worker,
B0003564,SI-A1-049,E21/6-89,MS1_216_89,Slovenia,Krma,0,124,mating_nuc,worker,
B0003565,SI-A1-049,E21/6-90,MS1_216_90,Slovenia,Krma,0,124,mating_nuc,worker,
B0003566,SI-A1-049,E21/6-91,MS1_216_91,Slovenia,Krma,0,124,mating_nuc,worker,
B0003567,SI-A1-049,E21/6-92,MS1_216_92,Slovenia,Krma,0,124,mating_nuc,worker,
B0003568,SI-A1-049,E21/6-93,MS1_216_93,Slovenia,Krma,0,124,mating_nuc,worker,
B0003569,SI-A1-049,E21/6-94,MS1_216_94,Slovenia,Krma,0,124,mating_nuc,worker,
B0003570,SI-A1-049,E21/6-95,MS1_216_95,Slovenia,Krma,0,124,mating_nuc,worker,
B0003571,SI-A1-049,E21/7-01,MS1_217_01,Slovenia,Krma,0,124,mating_nuc,worker,
B0003572,SI-A1-049,E21/7-02,MS1_217_02,Slovenia,Krma,0,124,mating_nuc,worker,
B0003573,SI-A1-049,E21/7-03,MS1_217_03,Slovenia,Krma,0,124,mating_nuc,worker,
B0003574,SI-A1-049,E21/7-04,MS1_217_04,Slovenia,Krma,0,124,mating_nuc,worker,
B0003575,SI-A1-049,E21/7-05,MS1_217_05,Slovenia,Krma,0,124,mating_nuc,worker,
B0003576,SI-A1-049,E21/7-06,MS1_217_06,Slovenia,Krma,0,124,mating_nuc,worker,
B0003577,SI-A1-049,E21/7-07,MS1_217_07,Slovenia,Krma,0,124,mating_nuc,worker,
B0003578,SI-A1-049,E21/7-08,MS1_217_08,Slovenia,Krma,0,124,mating_nuc,worker,
B0003579,SI-A1-049,E21/7-09,MS1_217_09,Slovenia,Krma,0,124,mating_nuc,worker,
B0003580,SI-A1-049,E21/7-10,MS1_217_10,Slovenia,Krma,0,124,mating_nuc,worker,
B0003581,SI-A1-049,E21/7-11,MS1_217_11,Slovenia,Krma,0,124,mating_nuc,worker,
B0003582,SI-A1-049,E21/7-13,MS1_217_13,Slovenia,Krma,0,124,mating_nuc,worker,
B0003583,SI-A1-034,E21/7-45,MS1_217_45,Slovenia,Krma,-1,110,mating_nuc,queen,
B0003584,SI-A1-034,E21/7-46,MS1_217_46,Slovenia,Krma,-1,110,mating_nuc,worker,
B0003585,SI-A1-049,E21/7-12,MS1_217_12,Slovenia,Krma,0,124,mating_nuc,worker,
B0003586,SI-A1-034,E21/7-47,MS1_217_47,Slovenia,Krma,-1,110,mating_nuc,worker,
B0003587,SI-A1-034,E21/8-01,MS1_218_01,Slovenia,Krma,-1,110,mating_nuc,worker,
B0003588,SI-A1-034,E21/8-02,MS1_218_02,Slovenia,Krma,-1,110,mating_nuc,worker,
B0003589,SI-A1-034,E21/8-03,MS1_218_03,Slovenia,Krma,-1,110,mating_nuc,worker,
B0003590,SI-A1-034,E21/8-04,MS1_218_04,Slovenia,Krma,-1,110,mating_nuc,worker,
B0003591,SI-A1-034,E21/8-05,MS1_218_05,Slovenia,Krma,-1,110,mating_nuc,worker,
B0003592,SI-A1-034,E21/8-06,MS1_218_06,Slovenia,Krma,-1,110,mating_nuc,worker,
B0003593,SI-A1-034,E21/8-07,MS1_218_07,Slovenia,Krma,-1,110,mating_nuc,worker,
B0003594,SI-A1-034,E21/8-08,MS1_218_08,Slovenia,Krma,-1,110,mating_nuc,worker,
B0003595,SI-A1-034,E21/8-09,MS1_218_09,Slovenia,Krma,-1,110,mating_nuc,worker,
B0003596,SI-A1-034,E21/8-10,MS1_218_10,Slovenia,Krma,-1,110,mating_nuc,worker,
B0003597,SI-A1-034,E21/8-11,MS1_218_11,Slovenia,Krma,-1,110,mating_nuc,worker,
B0003598,SI-A1-034,E21/8-12,MS1_218_12,Slovenia,Krma,-1,110,mating_nuc,worker,
B0003599,SI-A1-034,E21/8-13,MS1_218_13,Slovenia,Krma,-1,110,mating_nuc,worker,
B0003600,SI-A1-034,E21/8-14,MS1_218_14,Slovenia,Krma,-1,110,mating_nuc,worker,
B0003601,SI-A1-034,E21/8-15,MS1_218_15,Slovenia,Krma,-1,110,mating_nuc,worker,
B0003602,SI-A1-034,E21/8-16,MS1_218_16,Slovenia,Krma,-1,110,mating_nuc,worker,
B0003603,SI-A1-034,E21/8-17,MS1_218_17,Slovenia,Krma,-1,110,mating_nuc,worker,
B0003604,SI-A1-034,E21/8-18,MS1_218_18,Slovenia,Krma,-1,110,mating_nuc,worker,
B0003605,SI-A1-034,E21/8-19,MS1_218_19,Slovenia,Krma,-1,110,mating_nuc,worker,
B0003606,SI-A1-034,E21/8-20,MS1_218_20,Slovenia,Krma,-1,110,mating_nuc,worker,
B0003607,SI-A1-034,E21/8-21,MS1_218_21,Slovenia,Krma,-1,110,mating_nuc,worker,
B0003608,SI-A1-034,E21/8-22,MS1_218_22,Slovenia,Krma,-1,110,mating_nuc,worker,
B0003609,SI-A1-034,E21/8-23,MS1_218_23,Slovenia,Krma,-1,110,mating_nuc,worker,
B0003610,SI-A1-034,E21/8-24,MS1_218_24,Slovenia,Krma,-1,110,mating_nuc,worker,
B0003611,SI-A1-034,E21/8-25,MS1_218_25,Slovenia,Krma,-1,110,mating_nuc,worker,
B0003612,SI-A1-034,E21/8-26,MS1_218_26,Slovenia,Krma,-1,110,mating_nuc,worker,
B0003613,SI-A1-034,E21/8-27,MS1_218_27,Slovenia,Krma,-1,110,mating_nuc,worker,
B0003630,SI-A1-034,E21/8-28,MS1_218_28,Slovenia,Krma,-1,110,mating_nuc,worker,
B0003631,SI-A1-056,E21/9-13,MS1_219_13,Slovenia,Krma,-2,108,mating_nuc,queen,
B0003632,SI-A1-056,E21/9-14,MS1_219_14,Slovenia,Krma,-2,108,mating_nuc,worker,
B0003633,SI-A1-056,E21/9-15,MS1_219_15,Slovenia,Krma,-2,108,mating_nuc,worker,
B0003634,SI-A1-056,E21/9-16,MS1_219_16,Slovenia,Krma,-2,108,mating_nuc,worker,
B0003635,SI-A1-056,E21/9-17,MS1_219_17,Slovenia,Krma,-2,108,mating_nuc,worker,
B0003636,SI-A1-056,E21/9-18,MS1_219_18,Slovenia,Krma,-2,108,mating_nuc,worker,
B0003637,SI-A1-056,E21/9-19,MS1_219_19,Slovenia,Krma,-2,108,mating_nuc,worker,
B0003662,SI-A1-056,E21/9-20,MS1_219_20,Slovenia,Krma,-2,108,mating_nuc,worker,
B0003663,SI-A1-056,E21/9-21,MS1_219_21,Slovenia,Krma,-2,108,mating_nuc,worker,
B0003664,SI-A1-056,E21/9-22,MS1_219_22,Slovenia,Krma,-2,108,mating_nuc,worker,
B0003665,SI-A1-056,E21/9-23,MS1_219_23,Slovenia,Krma,-2,108,mating_nuc,worker,
B0003666,SI-A1-056,E21/9-24,MS1_219_24,Slovenia,Krma,-2,108,mating_nuc,worker,
B0003667,SI-A1-056,E21/9-25,MS1_219_25,Slovenia,Krma,-2,108,mating_nuc,worker,
B0003668,SI-A1-056,E21/9-26,MS1_219_26,Slovenia,Krma,-2,108,mating_nuc,worker,
B0003669,SI-A1-056,E21/9-27,MS1_219_27,Slovenia,Krma,-2,108,mating_nuc,worker,
B0003686,SI-A1-056,E21/9-28,MS1_219_28,Slovenia,Krma,-2,108,mating_nuc,worker,
B0003687,SI-A1-056,E21/9-29,MS1_219_29,Slovenia,Krma,-2,108,mating_nuc,worker,
B0003688,SI-A1-056,E21/9-30,MS1_219_30,Slovenia,Krma,-2,108,mating_nuc,worker,
B0003689,SI-A1-056,E21/9-31,MS1_219_31,Slovenia,Krma,-2,108,mating_nuc,worker,
B0003690,SI-A1-056,E21/9-32,MS1_219_32,Slovenia,Krma,-2,108,mating_nuc,worker,
B0003691,SI-A1-056,E21/9-33,MS1_219_33,Slovenia,Krma,-2,108,mating_nuc,worker,
B0003692,SI-A1-056,E21/9-34,MS1_219_34,Slovenia,Krma,-2,108,mating_nuc,worker,
B0003693,SI-A1-056,E21/9-35,MS1_219_35,Slovenia,Krma,-2,108,mating_nuc,worker,
B0003702,SI-A1-056,E21/9-36,MS1_219_36,Slovenia,Krma,-2,108,mating_nuc,worker,
B0003703,SI-A1-056,E21/9-37,MS1_219_37,Slovenia,Krma,-2,108,mating_nuc,worker,
B0003704,SI-A1-056,E21/9-38,MS1_219_38,Slovenia,Krma,-2,108,mating_nuc,worker,
B0003705,SI-A1-056,E21/9-39,MS1_219_39,Slovenia,Krma,-2,108,mating_nuc,worker,
B0003706,SI-A1-056,E21/9-40,MS1_219_40,Slovenia,Krma,-2,108,mating_nuc,worker,
B0003707,SI-A1-056,E21/9-41,MS1_219_41,Slovenia,Krma,-2,108,mating_nuc,worker,
B0003708,SI-A1-056,E21/9-42,MS1_219_42,Slovenia,Krma,-2,108,mating_nuc,worker,
B0003709,SI-A1-056,E21/9-43,MS1_219_43,Slovenia,Krma,-2,108,mating_nuc,worker,
B0003710,SI-A1-057,E21/9-44,MS1_219_44,Slovenia,Krma,-3,85,mating_nuc,queen,
B0003711,SI-A1-057,E21/9-45,MS1_219_45,Slovenia,Krma,-3,85,mating_nuc,worker,
B0003712,SI-A1-057,E21/9-46,MS1_219_46,Slovenia,Krma,-3,85,mating_nuc,worker,
B0003713,SI-A1-057,E21/9-47,MS1_219_47,Slovenia,Krma,-3,85,mating_nuc,worker,
B0003714,SI-A1-057,E21/9-48,MS1_219_48,Slovenia,Krma,-3,85,mating_nuc,worker,
B0003715,SI-A1-057,E21/9-49,MS1_219_49,Slovenia,Krma,-3,85,mating_nuc,worker,
B0003716,SI-A1-057,E21/9-50,MS1_219_50,Slovenia,Krma,-3,85,mating_nuc,worker,
B0003717,SI-A1-057,E21/9-51,MS1_219_51,Slovenia,Krma,-3,85,mating_nuc,worker,
B0003718,SI-A1-057,E21/9-52,MS1_219_52,Slovenia,Krma,-3,85,mating_nuc,worker,
B0003719,SI-A1-057,E21/9-53,MS1_219_53,Slovenia,Krma,-3,85,mating_nuc,worker,
B0003720,SI-A1-057,E21/9-54,MS1_219_54,Slovenia,Krma,-3,85,mating_nuc,worker,
B0003721,SI-A1-057,E21/9-55,MS1_219_55,Slovenia,Krma,-3,85,mating_nuc,worker,
B0003722,SI-A1-057,E21/9-56,MS1_219_56,Slovenia,Krma,-3,85,mating_nuc,worker,
B0003723,SI-A1-057,E21/9-57,MS1_219_57,Slovenia,Krma,-3,85,mating_nuc,worker,
B0003724,SI-A1-057,E21/9-58,MS1_219_58,Slovenia,Krma,-3,85,mating_nuc,worker,
B0003725,SI-A1-057,E21/9-59,MS1_219_59,Slovenia,Krma,-3,85,mating_nuc,worker,
B0003726,SI-A1-057,E21/9-60,MS1_219_60,Slovenia,Krma,-3,85,mating_nuc,worker,
B0003727,SI-A1-057,E21/9-61,MS1_219_61,Slovenia,Krma,-3,85,mating_nuc,worker,
B0003728,SI-A1-057,E21/9-62,MS1_219_62,Slovenia,Krma,-3,85,mating_nuc,worker,
B0003729,SI-A1-057,E21/9-63,MS1_219_63,Slovenia,Krma,-3,85,mating_nuc,worker,
B0003730,SI-A1-057,E21/9-64,MS1_219_64,Slovenia,Krma,-3,85,mating_nuc,worker,
B0003731,SI-A1-057,E21/9-65,MS1_219_65,Slovenia,Krma,-3,85,mating_nuc,worker,
B0003732,SI-A1-057,E21/9-66,MS1_219_66,Slovenia,Krma,-3,85,mating_nuc,worker,
B0003733,SI-A1-057,E21/9-67,MS1_219_67,Slovenia,Krma,-3,85,mating_nuc,worker,
B0003742,SI-A1-057,E21/9-68,MS1_219_68,Slovenia,Krma,-3,85,mating_nuc,worker,
B0003743,SI-A1-057,E21/9-69,MS1_219_69,Slovenia,Krma,-3,85,mating_nuc,worker,
B0003744,SI-A1-057,E21/9-70,MS1_219_70,Slovenia,Krma,-3,85,mating_nuc,worker,
B0003745,SI-A1-057,E21/9-71,MS1_219_71,Slovenia,Krma,-3,85,mating_nuc,worker,
B0003746,301,na,na,Slovenia,KIS,na,na,colony,worker,
B0003747,302,na,na,Slovenia,KIS,na,na,colony,worker,
B0003748,303,na,na,Slovenia,KIS,na,na,colony,worker,
B0003749,304,na,na,Slovenia,KIS,na,na,colony,worker,
